"date","global_new_cases"
"2020-01-01","0"
"2020-01-02","0"
"2020-01-03","0"
"2020-01-04","0"
"2020-01-05","9"
"2020-01-06","0"
"2020-01-07","0"
"2020-01-08","0"
"2020-01-09","0"
"2020-01-10","0"
"2020-01-11","0"
"2020-01-12","180"
"2020-01-13","0"
"2020-01-14","0"
"2020-01-15","0"
"2020-01-16","0"
"2020-01-17","0"
"2020-01-18","0"
"2020-01-19","362"
"2020-01-20","0"
"2020-01-21","0"
"2020-01-22","0"
"2020-01-23","0"
"2020-01-24","0"
"2020-01-25","0"
"2020-01-26","7589"
"2020-01-27","0"
"2020-01-28","0"
"2020-01-29","0"
"2020-01-30","0"
"2020-01-31","0"
"2020-02-01","0"
"2020-02-02","50170"
"2020-02-03","0"
"2020-02-04","0"
"2020-02-05","0"
"2020-02-06","0"
"2020-02-07","0"
"2020-02-08","0"
"2020-02-09","91959"
"2020-02-10","0"
"2020-02-11","0"
"2020-02-12","0"
"2020-02-13","0"
"2020-02-14","0"
"2020-02-15","0"
"2020-02-16","125806"
"2020-02-17","0"
"2020-02-18","0"
"2020-02-19","0"
"2020-02-20","0"
"2020-02-21","0"
"2020-02-22","0"
"2020-02-23","37063"
"2020-02-24","0"
"2020-02-25","0"
"2020-02-26","0"
"2020-02-27","0"
"2020-02-28","0"
"2020-02-29","0"
"2020-03-01","34456"
"2020-03-02","0"
"2020-03-03","0"
"2020-03-04","0"
"2020-03-05","0"
"2020-03-06","0"
"2020-03-07","0"
"2020-03-08","89115"
"2020-03-09","0"
"2020-03-10","0"
"2020-03-11","0"
"2020-03-12","0"
"2020-03-13","0"
"2020-03-14","0"
"2020-03-15","281947"
"2020-03-16","0"
"2020-03-17","0"
"2020-03-18","0"
"2020-03-19","0"
"2020-03-20","0"
"2020-03-21","0"
"2020-03-22","791666"
"2020-03-23","0"
"2020-03-24","0"
"2020-03-25","0"
"2020-03-26","0"
"2020-03-27","0"
"2020-03-28","0"
"2020-03-29","1577828"
"2020-03-30","0"
"2020-03-31","0"
"2020-04-01","0"
"2020-04-02","0"
"2020-04-03","0"
"2020-04-04","0"
"2020-04-05","2020659"
"2020-04-06","0"
"2020-04-07","0"
"2020-04-08","0"
"2020-04-09","0"
"2020-04-10","0"
"2020-04-11","0"
"2020-04-12","2227938"
"2020-04-13","0"
"2020-04-14","0"
"2020-04-15","0"
"2020-04-16","0"
"2020-04-17","0"
"2020-04-18","0"
"2020-04-19","2130027"
"2020-04-20","0"
"2020-04-21","0"
"2020-04-22","0"
"2020-04-23","0"
"2020-04-24","0"
"2020-04-25","0"
"2020-04-26","2239825"
"2020-04-27","0"
"2020-04-28","0"
"2020-04-29","0"
"2020-04-30","0"
"2020-05-01","0"
"2020-05-02","0"
"2020-05-03","2234431"
"2020-05-04","0"
"2020-05-05","0"
"2020-05-06","0"
"2020-05-07","0"
"2020-05-08","0"
"2020-05-09","0"
"2020-05-10","2367536"
"2020-05-11","0"
"2020-05-12","0"
"2020-05-13","0"
"2020-05-14","0"
"2020-05-15","0"
"2020-05-16","0"
"2020-05-17","2476900"
"2020-05-18","0"
"2020-05-19","0"
"2020-05-20","0"
"2020-05-21","0"
"2020-05-22","0"
"2020-05-23","0"
"2020-05-24","2818534"
"2020-05-25","0"
"2020-05-26","0"
"2020-05-27","0"
"2020-05-28","0"
"2020-05-29","0"
"2020-05-30","0"
"2020-05-31","2943819"
"2020-06-01","0"
"2020-06-02","0"
"2020-06-03","0"
"2020-06-04","0"
"2020-06-05","0"
"2020-06-06","0"
"2020-06-07","3404090"
"2020-06-08","0"
"2020-06-09","0"
"2020-06-10","0"
"2020-06-11","0"
"2020-06-12","0"
"2020-06-13","0"
"2020-06-14","3636561"
"2020-06-15","0"
"2020-06-16","0"
"2020-06-17","0"
"2020-06-18","0"
"2020-06-19","0"
"2020-06-20","0"
"2020-06-21","4153048"
"2020-06-22","0"
"2020-06-23","0"
"2020-06-24","0"
"2020-06-25","0"
"2020-06-26","0"
"2020-06-27","0"
"2020-06-28","4659132"
"2020-06-29","0"
"2020-06-30","0"
"2020-07-01","0"
"2020-07-02","0"
"2020-07-03","0"
"2020-07-04","0"
"2020-07-05","5338894"
"2020-07-06","0"
"2020-07-07","0"
"2020-07-08","0"
"2020-07-09","0"
"2020-07-10","0"
"2020-07-11","0"
"2020-07-12","5742708"
"2020-07-13","0"
"2020-07-14","0"
"2020-07-15","0"
"2020-07-16","0"
"2020-07-17","0"
"2020-07-18","0"
"2020-07-19","6331835"
"2020-07-20","0"
"2020-07-21","0"
"2020-07-22","0"
"2020-07-23","0"
"2020-07-24","0"
"2020-07-25","0"
"2020-07-26","7019139"
"2020-07-27","0"
"2020-07-28","0"
"2020-07-29","0"
"2020-07-30","0"
"2020-07-31","0"
"2020-08-01","0"
"2020-08-02","7419368"
"2020-08-03","0"
"2020-08-04","0"
"2020-08-05","0"
"2020-08-06","0"
"2020-08-07","0"
"2020-08-08","0"
"2020-08-09","7434478"
"2020-08-10","0"
"2020-08-11","0"
"2020-08-12","0"
"2020-08-13","0"
"2020-08-14","0"
"2020-08-15","0"
"2020-08-16","7643464"
"2020-08-17","0"
"2020-08-18","0"
"2020-08-19","0"
"2020-08-20","0"
"2020-08-21","0"
"2020-08-22","0"
"2020-08-23","7419547"
"2020-08-24","0"
"2020-08-25","0"
"2020-08-26","0"
"2020-08-27","0"
"2020-08-28","0"
"2020-08-29","0"
"2020-08-30","7652423"
"2020-08-31","0"
"2020-09-01","0"
"2020-09-02","0"
"2020-09-03","0"
"2020-09-04","0"
"2020-09-05","0"
"2020-09-06","8113618"
"2020-09-07","0"
"2020-09-08","0"
"2020-09-09","0"
"2020-09-10","0"
"2020-09-11","0"
"2020-09-12","0"
"2020-09-13","8041499"
"2020-09-14","0"
"2020-09-15","0"
"2020-09-16","0"
"2020-09-17","0"
"2020-09-18","0"
"2020-09-19","0"
"2020-09-20","8641239"
"2020-09-21","0"
"2020-09-22","0"
"2020-09-23","0"
"2020-09-24","0"
"2020-09-25","0"
"2020-09-26","0"
"2020-09-27","8681351"
"2020-09-28","0"
"2020-09-29","0"
"2020-09-30","0"
"2020-10-01","0"
"2020-10-02","0"
"2020-10-03","0"
"2020-10-04","8829443"
"2020-10-05","0"
"2020-10-06","0"
"2020-10-07","0"
"2020-10-08","0"
"2020-10-09","0"
"2020-10-10","0"
"2020-10-11","9913200"
"2020-10-12","0"
"2020-10-13","0"
"2020-10-14","0"
"2020-10-15","0"
"2020-10-16","0"
"2020-10-17","0"
"2020-10-18","11073754"
"2020-10-19","0"
"2020-10-20","0"
"2020-10-21","0"
"2020-10-22","0"
"2020-10-23","0"
"2020-10-24","0"
"2020-10-25","13418300"
"2020-10-26","0"
"2020-10-27","0"
"2020-10-28","0"
"2020-10-29","0"
"2020-10-30","0"
"2020-10-31","0"
"2020-11-01","15468594"
"2020-11-02","0"
"2020-11-03","0"
"2020-11-04","0"
"2020-11-05","0"
"2020-11-06","0"
"2020-11-07","0"
"2020-11-08","16861280"
"2020-11-09","0"
"2020-11-10","0"
"2020-11-11","0"
"2020-11-12","0"
"2020-11-13","0"
"2020-11-14","0"
"2020-11-15","17472613"
"2020-11-16","0"
"2020-11-17","0"
"2020-11-18","0"
"2020-11-19","0"
"2020-11-20","0"
"2020-11-21","0"
"2020-11-22","17575316"
"2020-11-23","0"
"2020-11-24","0"
"2020-11-25","0"
"2020-11-26","0"
"2020-11-27","0"
"2020-11-28","0"
"2020-11-29","17019203"
"2020-11-30","0"
"2020-12-01","0"
"2020-12-02","0"
"2020-12-03","0"
"2020-12-04","0"
"2020-12-05","0"
"2020-12-06","17648818"
"2020-12-07","0"
"2020-12-08","0"
"2020-12-09","0"
"2020-12-10","0"
"2020-12-11","0"
"2020-12-12","0"
"2020-12-13","18453831"
"2020-12-14","0"
"2020-12-15","0"
"2020-12-16","0"
"2020-12-17","0"
"2020-12-18","0"
"2020-12-19","0"
"2020-12-20","19102722"
"2020-12-21","0"
"2020-12-22","0"
"2020-12-23","0"
"2020-12-24","0"
"2020-12-25","0"
"2020-12-26","0"
"2020-12-27","17258565"
"2020-12-28","0"
"2020-12-29","0"
"2020-12-30","0"
"2020-12-31","0"
"2021-01-01","0"
"2021-01-02","0"
"2021-01-03","17829704"
"2021-01-04","0"
"2021-01-05","0"
"2021-01-06","0"
"2021-01-07","0"
"2021-01-08","0"
"2021-01-09","0"
"2021-01-10","21089684"
"2021-01-11","0"
"2021-01-12","0"
"2021-01-13","0"
"2021-01-14","0"
"2021-01-15","0"
"2021-01-16","0"
"2021-01-17","20392108"
"2021-01-18","0"
"2021-01-19","0"
"2021-01-20","0"
"2021-01-21","0"
"2021-01-22","0"
"2021-01-23","0"
"2021-01-24","17820160"
"2021-01-25","0"
"2021-01-26","0"
"2021-01-27","0"
"2021-01-28","0"
"2021-01-29","0"
"2021-01-30","0"
"2021-01-31","15776627"
"2021-02-01","0"
"2021-02-02","0"
"2021-02-03","0"
"2021-02-04","0"
"2021-02-05","0"
"2021-02-06","0"
"2021-02-07","13362082"
"2021-02-08","0"
"2021-02-09","0"
"2021-02-10","0"
"2021-02-11","0"
"2021-02-12","0"
"2021-02-13","0"
"2021-02-14","11480581"
"2021-02-15","0"
"2021-02-16","0"
"2021-02-17","0"
"2021-02-18","0"
"2021-02-19","0"
"2021-02-20","0"
"2021-02-21","10508926"
"2021-02-22","0"
"2021-02-23","0"
"2021-02-24","0"
"2021-02-25","0"
"2021-02-26","0"
"2021-02-27","0"
"2021-02-28","11356168"
"2021-03-01","0"
"2021-03-02","0"
"2021-03-03","0"
"2021-03-04","0"
"2021-03-05","0"
"2021-03-06","0"
"2021-03-07","11728826"
"2021-03-08","0"
"2021-03-09","0"
"2021-03-10","0"
"2021-03-11","0"
"2021-03-12","0"
"2021-03-13","0"
"2021-03-14","12732431"
"2021-03-15","0"
"2021-03-16","0"
"2021-03-17","0"
"2021-03-18","0"
"2021-03-19","0"
"2021-03-20","0"
"2021-03-21","14319677"
"2021-03-22","0"
"2021-03-23","0"
"2021-03-24","0"
"2021-03-25","0"
"2021-03-26","0"
"2021-03-27","0"
"2021-03-28","16460879"
"2021-03-29","0"
"2021-03-30","0"
"2021-03-31","0"
"2021-04-01","0"
"2021-04-02","0"
"2021-04-03","0"
"2021-04-04","17545404"
"2021-04-05","0"
"2021-04-06","0"
"2021-04-07","0"
"2021-04-08","0"
"2021-04-09","0"
"2021-04-10","0"
"2021-04-11","19183204"
"2021-04-12","0"
"2021-04-13","0"
"2021-04-14","0"
"2021-04-15","0"
"2021-04-16","0"
"2021-04-17","0"
"2021-04-18","21854228"
"2021-04-19","0"
"2021-04-20","0"
"2021-04-21","0"
"2021-04-22","0"
"2021-04-23","0"
"2021-04-24","0"
"2021-04-25","23602655"
"2021-04-26","0"
"2021-04-27","0"
"2021-04-28","0"
"2021-04-29","0"
"2021-04-30","0"
"2021-05-01","0"
"2021-05-02","23463432"
"2021-05-03","0"
"2021-05-04","0"
"2021-05-05","0"
"2021-05-06","0"
"2021-05-07","0"
"2021-05-08","0"
"2021-05-09","22410927"
"2021-05-10","0"
"2021-05-11","0"
"2021-05-12","0"
"2021-05-13","0"
"2021-05-14","0"
"2021-05-15","0"
"2021-05-16","19668574"
"2021-05-17","0"
"2021-05-18","0"
"2021-05-19","0"
"2021-05-20","0"
"2021-05-21","0"
"2021-05-22","0"
"2021-05-23","17206933"
"2021-05-24","0"
"2021-05-25","0"
"2021-05-26","0"
"2021-05-27","0"
"2021-05-28","0"
"2021-05-29","0"
"2021-05-30","14429193"
"2021-05-31","0"
"2021-06-01","0"
"2021-06-02","0"
"2021-06-03","0"
"2021-06-04","0"
"2021-06-05","0"
"2021-06-06","12213202"
"2021-06-07","0"
"2021-06-08","0"
"2021-06-09","0"
"2021-06-10","0"
"2021-06-11","0"
"2021-06-12","0"
"2021-06-13","10718982"
"2021-06-14","0"
"2021-06-15","0"
"2021-06-16","0"
"2021-06-17","0"
"2021-06-18","0"
"2021-06-19","0"
"2021-06-20","10237965"
"2021-06-21","0"
"2021-06-22","0"
"2021-06-23","0"
"2021-06-24","0"
"2021-06-25","0"
"2021-06-26","0"
"2021-06-27","10608425"
"2021-06-28","0"
"2021-06-29","0"
"2021-06-30","0"
"2021-07-01","0"
"2021-07-02","0"
"2021-07-03","0"
"2021-07-04","11190477"
"2021-07-05","0"
"2021-07-06","0"
"2021-07-07","0"
"2021-07-08","0"
"2021-07-09","0"
"2021-07-10","0"
"2021-07-11","13427019"
"2021-07-12","0"
"2021-07-13","0"
"2021-07-14","0"
"2021-07-15","0"
"2021-07-16","0"
"2021-07-17","0"
"2021-07-18","14827048"
"2021-07-19","0"
"2021-07-20","0"
"2021-07-21","0"
"2021-07-22","0"
"2021-07-23","0"
"2021-07-24","0"
"2021-07-25","15497712"
"2021-07-26","0"
"2021-07-27","0"
"2021-07-28","0"
"2021-07-29","0"
"2021-07-30","0"
"2021-07-31","0"
"2021-08-01","17033927"
"2021-08-02","0"
"2021-08-03","0"
"2021-08-04","0"
"2021-08-05","0"
"2021-08-06","0"
"2021-08-07","0"
"2021-08-08","18115686"
"2021-08-09","0"
"2021-08-10","0"
"2021-08-11","0"
"2021-08-12","0"
"2021-08-13","0"
"2021-08-14","0"
"2021-08-15","18510026"
"2021-08-16","0"
"2021-08-17","0"
"2021-08-18","0"
"2021-08-19","0"
"2021-08-20","0"
"2021-08-21","0"
"2021-08-22","18812422"
"2021-08-23","0"
"2021-08-24","0"
"2021-08-25","0"
"2021-08-26","0"
"2021-08-27","0"
"2021-08-28","0"
"2021-08-29","18683628"
"2021-08-30","0"
"2021-08-31","0"
"2021-09-01","0"
"2021-09-02","0"
"2021-09-03","0"
"2021-09-04","0"
"2021-09-05","17811907"
"2021-09-06","0"
"2021-09-07","0"
"2021-09-08","0"
"2021-09-09","0"
"2021-09-10","0"
"2021-09-11","0"
"2021-09-12","16062870"
"2021-09-13","0"
"2021-09-14","0"
"2021-09-15","0"
"2021-09-16","0"
"2021-09-17","0"
"2021-09-18","0"
"2021-09-19","15063678"
"2021-09-20","0"
"2021-09-21","0"
"2021-09-22","0"
"2021-09-23","0"
"2021-09-24","0"
"2021-09-25","0"
"2021-09-26","14337895"
"2021-09-27","0"
"2021-09-28","0"
"2021-09-29","0"
"2021-09-30","0"
"2021-10-01","0"
"2021-10-02","0"
"2021-10-03","12785008"
"2021-10-04","0"
"2021-10-05","0"
"2021-10-06","0"
"2021-10-07","0"
"2021-10-08","0"
"2021-10-09","0"
"2021-10-10","12206916"
"2021-10-11","0"
"2021-10-12","0"
"2021-10-13","0"
"2021-10-14","0"
"2021-10-15","0"
"2021-10-16","0"
"2021-10-17","11985045"
"2021-10-18","0"
"2021-10-19","0"
"2021-10-20","0"
"2021-10-21","0"
"2021-10-22","0"
"2021-10-23","0"
"2021-10-24","12640393"
"2021-10-25","0"
"2021-10-26","0"
"2021-10-27","0"
"2021-10-28","0"
"2021-10-29","0"
"2021-10-30","0"
"2021-10-31","13285229"
"2021-11-01","0"
"2021-11-02","0"
"2021-11-03","0"
"2021-11-04","0"
"2021-11-05","0"
"2021-11-06","0"
"2021-11-07","13649416"
"2021-11-08","0"
"2021-11-09","0"
"2021-11-10","0"
"2021-11-11","0"
"2021-11-12","0"
"2021-11-13","0"
"2021-11-14","15119567"
"2021-11-15","0"
"2021-11-16","0"
"2021-11-17","0"
"2021-11-18","0"
"2021-11-19","0"
"2021-11-20","0"
"2021-11-21","16993808"
"2021-11-22","0"
"2021-11-23","0"
"2021-11-24","0"
"2021-11-25","0"
"2021-11-26","0"
"2021-11-27","0"
"2021-11-28","17971350"
"2021-11-29","0"
"2021-11-30","0"
"2021-12-01","0"
"2021-12-02","0"
"2021-12-03","0"
"2021-12-04","0"
"2021-12-05","18936541"
"2021-12-06","0"
"2021-12-07","0"
"2021-12-08","0"
"2021-12-09","0"
"2021-12-10","0"
"2021-12-11","0"
"2021-12-12","18996071"
"2021-12-13","0"
"2021-12-14","0"
"2021-12-15","0"
"2021-12-16","0"
"2021-12-17","0"
"2021-12-18","0"
"2021-12-19","20569388"
"2021-12-20","0"
"2021-12-21","0"
"2021-12-22","0"
"2021-12-23","0"
"2021-12-24","0"
"2021-12-25","0"
"2021-12-26","26517621"
"2021-12-27","0"
"2021-12-28","0"
"2021-12-29","0"
"2021-12-30","0"
"2021-12-31","0"
"2022-01-01","0"
"2022-01-02","45814940"
"2022-01-03","0"
"2022-01-04","0"
"2022-01-05","0"
"2022-01-06","0"
"2022-01-07","0"
"2022-01-08","0"
"2022-01-09","72030171"
"2022-01-10","0"
"2022-01-11","0"
"2022-01-12","0"
"2022-01-13","0"
"2022-01-14","0"
"2022-01-15","0"
"2022-01-16","89254431"
"2022-01-17","0"
"2022-01-18","0"
"2022-01-19","0"
"2022-01-20","0"
"2022-01-21","0"
"2022-01-22","0"
"2022-01-23","102338504"
"2022-01-24","0"
"2022-01-25","0"
"2022-01-26","0"
"2022-01-27","0"
"2022-01-28","0"
"2022-01-29","0"
"2022-01-30","102487679"
"2022-01-31","0"
"2022-02-01","0"
"2022-02-02","0"
"2022-02-03","0"
"2022-02-04","0"
"2022-02-05","0"
"2022-02-06","87262318"
"2022-02-07","0"
"2022-02-08","0"
"2022-02-09","0"
"2022-02-10","0"
"2022-02-11","0"
"2022-02-12","0"
"2022-02-13","69371769"
"2022-02-14","0"
"2022-02-15","0"
"2022-02-16","0"
"2022-02-17","0"
"2022-02-18","0"
"2022-02-19","0"
"2022-02-20","55751416"
"2022-02-21","0"
"2022-02-22","0"
"2022-02-23","0"
"2022-02-24","0"
"2022-02-25","0"
"2022-02-26","0"
"2022-02-27","47605829"
"2022-02-28","0"
"2022-03-01","0"
"2022-03-02","0"
"2022-03-03","0"
"2022-03-04","0"
"2022-03-05","0"
"2022-03-06","46930972"
"2022-03-07","0"
"2022-03-08","0"
"2022-03-09","0"
"2022-03-10","0"
"2022-03-11","0"
"2022-03-12","0"
"2022-03-13","51051888"
"2022-03-14","0"
"2022-03-15","0"
"2022-03-16","0"
"2022-03-17","0"
"2022-03-18","0"
"2022-03-19","0"
"2022-03-20","53733027"
"2022-03-21","0"
"2022-03-22","0"
"2022-03-23","0"
"2022-03-24","0"
"2022-03-25","0"
"2022-03-26","0"
"2022-03-27","48316935"
"2022-03-28","0"
"2022-03-29","0"
"2022-03-30","0"
"2022-03-31","0"
"2022-04-01","0"
"2022-04-02","0"
"2022-04-03","41239433"
"2022-04-04","0"
"2022-04-05","0"
"2022-04-06","0"
"2022-04-07","0"
"2022-04-08","0"
"2022-04-09","0"
"2022-04-10","31865514"
"2022-04-11","0"
"2022-04-12","0"
"2022-04-13","0"
"2022-04-14","0"
"2022-04-15","0"
"2022-04-16","0"
"2022-04-17","25313180"
"2022-04-18","0"
"2022-04-19","0"
"2022-04-20","0"
"2022-04-21","0"
"2022-04-22","0"
"2022-04-23","0"
"2022-04-24","20943277"
"2022-04-25","0"
"2022-04-26","0"
"2022-04-27","0"
"2022-04-28","0"
"2022-04-29","0"
"2022-04-30","0"
"2022-05-01","17771960"
"2022-05-02","0"
"2022-05-03","0"
"2022-05-04","0"
"2022-05-05","0"
"2022-05-06","0"
"2022-05-07","0"
"2022-05-08","15906927"
"2022-05-09","0"
"2022-05-10","0"
"2022-05-11","0"
"2022-05-12","0"
"2022-05-13","0"
"2022-05-14","0"
"2022-05-15","17177635"
"2022-05-16","0"
"2022-05-17","0"
"2022-05-18","0"
"2022-05-19","0"
"2022-05-20","0"
"2022-05-21","0"
"2022-05-22","16187899"
"2022-05-23","0"
"2022-05-24","0"
"2022-05-25","0"
"2022-05-26","0"
"2022-05-27","0"
"2022-05-28","0"
"2022-05-29","14333422"
"2022-05-30","0"
"2022-05-31","0"
"2022-06-01","0"
"2022-06-02","0"
"2022-06-03","0"
"2022-06-04","0"
"2022-06-05","13883369"
"2022-06-06","0"
"2022-06-07","0"
"2022-06-08","0"
"2022-06-09","0"
"2022-06-10","0"
"2022-06-11","0"
"2022-06-12","15075867"
"2022-06-13","0"
"2022-06-14","0"
"2022-06-15","0"
"2022-06-16","0"
"2022-06-17","0"
"2022-06-18","0"
"2022-06-19","16370204"
"2022-06-20","0"
"2022-06-21","0"
"2022-06-22","0"
"2022-06-23","0"
"2022-06-24","0"
"2022-06-25","0"
"2022-06-26","20203668"
"2022-06-27","0"
"2022-06-28","0"
"2022-06-29","0"
"2022-06-30","0"
"2022-07-01","0"
"2022-07-02","0"
"2022-07-03","23568386"
"2022-07-04","0"
"2022-07-05","0"
"2022-07-06","0"
"2022-07-07","0"
"2022-07-08","0"
"2022-07-09","0"
"2022-07-10","28178477"
"2022-07-11","0"
"2022-07-12","0"
"2022-07-13","0"
"2022-07-14","0"
"2022-07-15","0"
"2022-07-16","0"
"2022-07-17","30598156"
"2022-07-18","0"
"2022-07-19","0"
"2022-07-20","0"
"2022-07-21","0"
"2022-07-22","0"
"2022-07-23","0"
"2022-07-24","30917854"
"2022-07-25","0"
"2022-07-26","0"
"2022-07-27","0"
"2022-07-28","0"
"2022-07-29","0"
"2022-07-30","0"
"2022-07-31","30519904"
"2022-08-01","0"
"2022-08-02","0"
"2022-08-03","0"
"2022-08-04","0"
"2022-08-05","0"
"2022-08-06","0"
"2022-08-07","29051191"
"2022-08-08","0"
"2022-08-09","0"
"2022-08-10","0"
"2022-08-11","0"
"2022-08-12","0"
"2022-08-13","0"
"2022-08-14","24000213"
"2022-08-15","0"
"2022-08-16","0"
"2022-08-17","0"
"2022-08-18","0"
"2022-08-19","0"
"2022-08-20","0"
"2022-08-21","22368661"
"2022-08-22","0"
"2022-08-23","0"
"2022-08-24","0"
"2022-08-25","0"
"2022-08-26","0"
"2022-08-27","0"
"2022-08-28","19817836"
"2022-08-29","0"
"2022-08-30","0"
"2022-08-31","0"
"2022-09-01","0"
"2022-09-02","0"
"2022-09-03","0"
"2022-09-04","17826456"
"2022-09-05","0"
"2022-09-06","0"
"2022-09-07","0"
"2022-09-08","0"
"2022-09-09","0"
"2022-09-10","0"
"2022-09-11","13723199"
"2022-09-12","0"
"2022-09-13","0"
"2022-09-14","0"
"2022-09-15","0"
"2022-09-16","0"
"2022-09-17","0"
"2022-09-18","14373694"
"2022-09-19","0"
"2022-09-20","0"
"2022-09-21","0"
"2022-09-22","0"
"2022-09-23","0"
"2022-09-24","0"
"2022-09-25","13813584"
"2022-09-26","0"
"2022-09-27","0"
"2022-09-28","0"
"2022-09-29","0"
"2022-09-30","0"
"2022-10-01","0"
"2022-10-02","14254015"
"2022-10-03","0"
"2022-10-04","0"
"2022-10-05","0"
"2022-10-06","0"
"2022-10-07","0"
"2022-10-08","0"
"2022-10-09","14485831"
"2022-10-10","0"
"2022-10-11","0"
"2022-10-12","0"
"2022-10-13","0"
"2022-10-14","0"
"2022-10-15","0"
"2022-10-16","14346787"
"2022-10-17","0"
"2022-10-18","0"
"2022-10-19","0"
"2022-10-20","0"
"2022-10-21","0"
"2022-10-22","0"
"2022-10-23","13000688"
"2022-10-24","0"
"2022-10-25","0"
"2022-10-26","0"
"2022-10-27","0"
"2022-10-28","0"
"2022-10-29","0"
"2022-10-30","11146953"
"2022-10-31","0"
"2022-11-01","0"
"2022-11-02","0"
"2022-11-03","0"
"2022-11-04","0"
"2022-11-05","0"
"2022-11-06","10077822"
"2022-11-07","0"
"2022-11-08","0"
"2022-11-09","0"
"2022-11-10","0"
"2022-11-11","0"
"2022-11-12","0"
"2022-11-13","10649185"
"2022-11-14","0"
"2022-11-15","0"
"2022-11-16","0"
"2022-11-17","0"
"2022-11-18","0"
"2022-11-19","0"
"2022-11-20","11496349"
"2022-11-21","0"
"2022-11-22","0"
"2022-11-23","0"
"2022-11-24","0"
"2022-11-25","0"
"2022-11-26","0"
"2022-11-27","12754526"
"2022-11-28","0"
"2022-11-29","0"
"2022-11-30","0"
"2022-12-01","0"
"2022-12-02","0"
"2022-12-03","0"
"2022-12-04","13908058"
"2022-12-05","0"
"2022-12-06","0"
"2022-12-07","0"
"2022-12-08","0"
"2022-12-09","0"
"2022-12-10","0"
"2022-12-11","19462661"
"2022-12-12","0"
"2022-12-13","0"
"2022-12-14","0"
"2022-12-15","0"
"2022-12-16","0"
"2022-12-17","0"
"2022-12-18","60875858"
"2022-12-19","0"
"2022-12-20","0"
"2022-12-21","0"
"2022-12-22","0"
"2022-12-23","0"
"2022-12-24","0"
"2022-12-25","177772819"
"2022-12-26","0"
"2022-12-27","0"
"2022-12-28","0"
"2022-12-29","0"
"2022-12-30","0"
"2022-12-31","0"
"2023-01-01","111508070"
"2023-01-02","0"
"2023-01-03","0"
"2023-01-04","0"
"2023-01-05","0"
"2023-01-06","0"
"2023-01-07","0"
"2023-01-08","44362590"
"2023-01-09","0"
"2023-01-10","0"
"2023-01-11","0"
"2023-01-12","0"
"2023-01-13","0"
"2023-01-14","0"
"2023-01-15","19859273"
"2023-01-16","0"
"2023-01-17","0"
"2023-01-18","0"
"2023-01-19","0"
"2023-01-20","0"
"2023-01-21","0"
"2023-01-22","10276129"
"2023-01-23","0"
"2023-01-24","0"
"2023-01-25","0"
"2023-01-26","0"
"2023-01-27","0"
"2023-01-28","0"
"2023-01-29","6441688"
"2023-01-30","0"
"2023-01-31","0"
"2023-02-01","0"
"2023-02-02","0"
"2023-02-03","0"
"2023-02-04","0"
"2023-02-05","5758845"
"2023-02-06","0"
"2023-02-07","0"
"2023-02-08","0"
"2023-02-09","0"
"2023-02-10","0"
"2023-02-11","0"
"2023-02-12","5209066"
"2023-02-13","0"
"2023-02-14","0"
"2023-02-15","0"
"2023-02-16","0"
"2023-02-17","0"
"2023-02-18","0"
"2023-02-19","4833100"
"2023-02-20","0"
"2023-02-21","0"
"2023-02-22","0"
"2023-02-23","0"
"2023-02-24","0"
"2023-02-25","0"
"2023-02-26","4575742"
"2023-02-27","0"
"2023-02-28","0"
"2023-03-01","0"
"2023-03-02","0"
"2023-03-03","0"
"2023-03-04","0"
"2023-03-05","4368870"
"2023-03-06","0"
"2023-03-07","0"
"2023-03-08","0"
"2023-03-09","0"
"2023-03-10","0"
"2023-03-11","0"
"2023-03-12","3802207"
"2023-03-13","0"
"2023-03-14","0"
"2023-03-15","0"
"2023-03-16","0"
"2023-03-17","0"
"2023-03-18","0"
"2023-03-19","3735193"
"2023-03-20","0"
"2023-03-21","0"
"2023-03-22","0"
"2023-03-23","0"
"2023-03-24","0"
"2023-03-25","0"
"2023-03-26","3535753"
"2023-03-27","0"
"2023-03-28","0"
"2023-03-29","0"
"2023-03-30","0"
"2023-03-31","0"
"2023-04-01","0"
"2023-04-02","3372907"
"2023-04-03","0"
"2023-04-04","0"
"2023-04-05","0"
"2023-04-06","0"
"2023-04-07","0"
"2023-04-08","0"
"2023-04-09","2949692"
"2023-04-10","0"
"2023-04-11","0"
"2023-04-12","0"
"2023-04-13","0"
"2023-04-14","0"
"2023-04-15","0"
"2023-04-16","2918967"
"2023-04-17","0"
"2023-04-18","0"
"2023-04-19","0"
"2023-04-20","0"
"2023-04-21","0"
"2023-04-22","0"
"2023-04-23","3088734"
"2023-04-24","0"
"2023-04-25","0"
"2023-04-26","0"
"2023-04-27","0"
"2023-04-28","0"
"2023-04-29","0"
"2023-04-30","2853432"
"2023-05-01","0"
"2023-05-02","0"
"2023-05-03","0"
"2023-05-04","0"
"2023-05-05","0"
"2023-05-06","0"
"2023-05-07","2535320"
"2023-05-08","0"
"2023-05-09","0"
"2023-05-10","0"
"2023-05-11","0"
"2023-05-12","0"
"2023-05-13","0"
"2023-05-14","2349985"
"2023-05-15","0"
"2023-05-16","0"
"2023-05-17","0"
"2023-05-18","0"
"2023-05-19","0"
"2023-05-20","0"
"2023-05-21","1558192"
"2023-05-22","0"
"2023-05-23","0"
"2023-05-24","0"
"2023-05-25","0"
"2023-05-26","0"
"2023-05-27","0"
"2023-05-28","1462669"
"2023-05-29","0"
"2023-05-30","0"
"2023-05-31","0"
"2023-06-01","0"
"2023-06-02","0"
"2023-06-03","0"
"2023-06-04","1214529"
"2023-06-05","0"
"2023-06-06","0"
"2023-06-07","0"
"2023-06-08","0"
"2023-06-09","0"
"2023-06-10","0"
"2023-06-11","1167004"
"2023-06-12","0"
"2023-06-13","0"
"2023-06-14","0"
"2023-06-15","0"
"2023-06-16","0"
"2023-06-17","0"
"2023-06-18","605747"
"2023-06-19","0"
"2023-06-20","0"
"2023-06-21","0"
"2023-06-22","0"
"2023-06-23","0"
"2023-06-24","0"
"2023-06-25","845835"
"2023-06-26","0"
"2023-06-27","0"
"2023-06-28","0"
"2023-06-29","0"
"2023-06-30","0"
"2023-07-01","0"
"2023-07-02","718929"
"2023-07-03","0"
"2023-07-04","0"
"2023-07-05","0"
"2023-07-06","0"
"2023-07-07","0"
"2023-07-08","0"
"2023-07-09","738090"
"2023-07-10","0"
"2023-07-11","0"
"2023-07-12","0"
"2023-07-13","0"
"2023-07-14","0"
"2023-07-15","0"
"2023-07-16","815124"
"2023-07-17","0"
"2023-07-18","0"
"2023-07-19","0"
"2023-07-20","0"
"2023-07-21","0"
"2023-07-22","0"
"2023-07-23","1010308"
"2023-07-24","0"
"2023-07-25","0"
"2023-07-26","0"
"2023-07-27","0"
"2023-07-28","0"
"2023-07-29","0"
"2023-07-30","1280042"
"2023-07-31","0"
"2023-08-01","0"
"2023-08-02","0"
"2023-08-03","0"
"2023-08-04","0"
"2023-08-05","0"
"2023-08-06","2822787"
"2023-08-07","0"
"2023-08-08","0"
"2023-08-09","0"
"2023-08-10","0"
"2023-08-11","0"
"2023-08-12","0"
"2023-08-13","554863"
"2023-08-14","0"
"2023-08-15","0"
"2023-08-16","0"
"2023-08-17","0"
"2023-08-18","0"
"2023-08-19","0"
"2023-08-20","1397890"
"2023-08-21","0"
"2023-08-22","0"
"2023-08-23","0"
"2023-08-24","0"
"2023-08-25","0"
"2023-08-26","0"
"2023-08-27","1460840"
"2023-08-28","0"
"2023-08-29","0"
"2023-08-30","0"
"2023-08-31","0"
"2023-09-01","0"
"2023-09-02","0"
"2023-09-03","1400867"
"2023-09-04","0"
"2023-09-05","0"
"2023-09-06","0"
"2023-09-07","0"
"2023-09-08","0"
"2023-09-09","0"
"2023-09-10","985569"
"2023-09-11","0"
"2023-09-12","0"
"2023-09-13","0"
"2023-09-14","0"
"2023-09-15","0"
"2023-09-16","0"
"2023-09-17","551841"
"2023-09-18","0"
"2023-09-19","0"
"2023-09-20","0"
"2023-09-21","0"
"2023-09-22","0"
"2023-09-23","0"
"2023-09-24","626775"
"2023-09-25","0"
"2023-09-26","0"
"2023-09-27","0"
"2023-09-28","0"
"2023-09-29","0"
"2023-09-30","0"
"2023-10-01","711805"
"2023-10-02","0"
"2023-10-03","0"
"2023-10-04","0"
"2023-10-05","0"
"2023-10-06","0"
"2023-10-07","0"
"2023-10-08","753630"
"2023-10-09","0"
"2023-10-10","0"
"2023-10-11","0"
"2023-10-12","0"
"2023-10-13","0"
"2023-10-14","0"
"2023-10-15","681653"
"2023-10-16","0"
"2023-10-17","0"
"2023-10-18","0"
"2023-10-19","0"
"2023-10-20","0"
"2023-10-21","0"
"2023-10-22","630958"
"2023-10-23","0"
"2023-10-24","0"
"2023-10-25","0"
"2023-10-26","0"
"2023-10-27","0"
"2023-10-28","0"
"2023-10-29","635838"
"2023-10-30","0"
"2023-10-31","0"
"2023-11-01","0"
"2023-11-02","0"
"2023-11-03","0"
"2023-11-04","0"
"2023-11-05","695517"
"2023-11-06","0"
"2023-11-07","0"
"2023-11-08","0"
"2023-11-09","0"
"2023-11-10","0"
"2023-11-11","0"
"2023-11-12","771107"
"2023-11-13","0"
"2023-11-14","0"
"2023-11-15","0"
"2023-11-16","0"
"2023-11-17","0"
"2023-11-18","0"
"2023-11-19","911897"
"2023-11-20","0"
"2023-11-21","0"
"2023-11-22","0"
"2023-11-23","0"
"2023-11-24","0"
"2023-11-25","0"
"2023-11-26","1047704"
"2023-11-27","0"
"2023-11-28","0"
"2023-11-29","0"
"2023-11-30","0"
"2023-12-01","0"
"2023-12-02","0"
"2023-12-03","1238796"
"2023-12-04","0"
"2023-12-05","0"
"2023-12-06","0"
"2023-12-07","0"
"2023-12-08","0"
"2023-12-09","0"
"2023-12-10","1459829"
"2023-12-11","0"
"2023-12-12","0"
"2023-12-13","0"
"2023-12-14","0"
"2023-12-15","0"
"2023-12-16","0"
"2023-12-17","1678321"
"2023-12-18","0"
"2023-12-19","0"
"2023-12-20","0"
"2023-12-21","0"
"2023-12-22","0"
"2023-12-23","0"
"2023-12-24","1558576"
"2023-12-25","0"
"2023-12-26","0"
"2023-12-27","0"
"2023-12-28","0"
"2023-12-29","0"
"2023-12-30","0"
"2023-12-31","1138766"
"2024-01-01","0"
"2024-01-02","0"
"2024-01-03","0"
"2024-01-04","0"
"2024-01-05","0"
"2024-01-06","0"
"2024-01-07","872459"
"2024-01-08","0"
"2024-01-09","0"
"2024-01-10","0"
"2024-01-11","0"
"2024-01-12","0"
"2024-01-13","0"
"2024-01-14","796102"
"2024-01-15","0"
"2024-01-16","0"
"2024-01-17","0"
"2024-01-18","0"
"2024-01-19","0"
"2024-01-20","0"
"2024-01-21","583358"
"2024-01-22","0"
"2024-01-23","0"
"2024-01-24","0"
"2024-01-25","0"
"2024-01-26","0"
"2024-01-27","0"
"2024-01-28","488193"
"2024-01-29","0"
"2024-01-30","0"
"2024-01-31","0"
"2024-02-01","0"
"2024-02-02","0"
"2024-02-03","0"
"2024-02-04","419241"
"2024-02-05","0"
"2024-02-06","0"
"2024-02-07","0"
"2024-02-08","0"
"2024-02-09","0"
"2024-02-10","0"
"2024-02-11","370464"
"2024-02-12","0"
"2024-02-13","0"
"2024-02-14","0"
"2024-02-15","0"
"2024-02-16","0"
"2024-02-17","0"
"2024-02-18","325537"
"2024-02-19","0"
"2024-02-20","0"
"2024-02-21","0"
"2024-02-22","0"
"2024-02-23","0"
"2024-02-24","0"
"2024-02-25","314385"
"2024-02-26","0"
"2024-02-27","0"
"2024-02-28","0"
"2024-02-29","0"
"2024-03-01","0"
"2024-03-02","0"
"2024-03-03","293458"
"2024-03-04","0"
"2024-03-05","0"
"2024-03-06","0"
"2024-03-07","0"
"2024-03-08","0"
"2024-03-09","0"
"2024-03-10","248308"
"2024-03-11","0"
"2024-03-12","0"
"2024-03-13","0"
"2024-03-14","0"
"2024-03-15","0"
"2024-03-16","0"
"2024-03-17","236265"
"2024-03-18","0"
"2024-03-19","0"
"2024-03-20","0"
"2024-03-21","0"
"2024-03-22","0"
"2024-03-23","0"
"2024-03-24","206535"
"2024-03-25","0"
"2024-03-26","0"
"2024-03-27","0"
"2024-03-28","0"
"2024-03-29","0"
"2024-03-30","0"
"2024-03-31","459450"
"2024-04-01","0"
"2024-04-02","0"
"2024-04-03","0"
"2024-04-04","0"
"2024-04-05","0"
"2024-04-06","0"
"2024-04-07","164568"
"2024-04-08","0"
"2024-04-09","0"
"2024-04-10","0"
"2024-04-11","0"
"2024-04-12","0"
"2024-04-13","0"
"2024-04-14","162611"
"2024-04-15","0"
"2024-04-16","0"
"2024-04-17","0"
"2024-04-18","0"
"2024-04-19","0"
"2024-04-20","0"
"2024-04-21","132459"
"2024-04-22","0"
"2024-04-23","0"
"2024-04-24","0"
"2024-04-25","0"
"2024-04-26","0"
"2024-04-27","0"
"2024-04-28","141823"
"2024-04-29","0"
"2024-04-30","0"
"2024-05-01","0"
"2024-05-02","0"
"2024-05-03","0"
"2024-05-04","0"
"2024-05-05","127919"
"2024-05-06","0"
"2024-05-07","0"
"2024-05-08","0"
"2024-05-09","0"
"2024-05-10","0"
"2024-05-11","0"
"2024-05-12","140377"
"2024-05-13","0"
"2024-05-14","0"
"2024-05-15","0"
"2024-05-16","0"
"2024-05-17","0"
"2024-05-18","0"
"2024-05-19","156102"
"2024-05-20","0"
"2024-05-21","0"
"2024-05-22","0"
"2024-05-23","0"
"2024-05-24","0"
"2024-05-25","0"
"2024-05-26","133151"
"2024-05-27","0"
"2024-05-28","0"
"2024-05-29","0"
"2024-05-30","0"
"2024-05-31","0"
"2024-06-01","0"
"2024-06-02","145262"
"2024-06-03","0"
"2024-06-04","0"
"2024-06-05","0"
"2024-06-06","0"
"2024-06-07","0"
"2024-06-08","0"
"2024-06-09","150474"
"2024-06-10","0"
"2024-06-11","0"
"2024-06-12","0"
"2024-06-13","0"
"2024-06-14","0"
"2024-06-15","0"
"2024-06-16","154478"
"2024-06-17","0"
"2024-06-18","0"
"2024-06-19","0"
"2024-06-20","0"
"2024-06-21","0"
"2024-06-22","0"
"2024-06-23","160695"
"2024-06-24","0"
"2024-06-25","0"
"2024-06-26","0"
"2024-06-27","0"
"2024-06-28","0"
"2024-06-29","0"
"2024-06-30","200701"
"2024-07-01","0"
"2024-07-02","0"
"2024-07-03","0"
"2024-07-04","0"
"2024-07-05","0"
"2024-07-06","0"
"2024-07-07","205046"
"2024-07-08","0"
"2024-07-09","0"
"2024-07-10","0"
"2024-07-11","0"
"2024-07-12","0"
"2024-07-13","0"
"2024-07-14","207990"
"2024-07-15","0"
"2024-07-16","0"
"2024-07-17","0"
"2024-07-18","0"
"2024-07-19","0"
"2024-07-20","0"
"2024-07-21","236364"
"2024-07-22","0"
"2024-07-23","0"
"2024-07-24","0"
"2024-07-25","0"
"2024-07-26","0"
"2024-07-27","0"
"2024-07-28","257506"
"2024-07-29","0"
"2024-07-30","0"
"2024-07-31","0"
"2024-08-01","0"
"2024-08-02","0"
"2024-08-03","0"
"2024-08-04","214317"
"2024-08-05","0"
"2024-08-06","0"
"2024-08-07","0"
"2024-08-08","0"
"2024-08-09","0"
"2024-08-10","0"
"2024-08-11","0"
"2024-08-12","0"
"2024-08-13","0"
"2024-08-14","0"
